ישראכרט - פירוט עסקאות,,,,,,
כרטיס: מאסטרקארד 4580 (נתוני דוגמה),,,,,,
,,,,,,
תאריך רכישה,שם בית עסק,סכום עסקה,סכום חיוב,פירוט נוסף,תאריך חיוב,ענף
15/05/2026,KSP מחשבים,3588.00,299.00,תשלום 3 מתוך 12,10/08/2026,מחשבים
01/07/2026,מכבי שירותי בריאות,186.40,186.40,,10/08/2026,רפואה
02/07/2026,הולמס פלייס רמת גן,289.00,289.00,,10/08/2026,פנאי וספורט
03/07/2026,NETFLIX.COM,54.90,54.90,,10/08/2026,פנאי ובילוי
03/07/2026,שופרסל דיל רמת גן,584.40,584.40,,10/08/2026,מזון
04/07/2026,פרטנר תקשורת,119.90,119.90,,10/08/2026,תקשורת
05/07/2026,SPOTIFY,23.90,23.90,,10/08/2026,פנאי ובילוי
05/07/2026,ארומה ישראל,55.50,55.50,,10/08/2026,מסעדות
06/07/2026,בזק החברה הישראלית לתקשורת,99.00,99.00,,10/08/2026,תקשורת
06/07/2026,פז יילו גבעתיים,264.60,264.60,,10/08/2026,דלק
07/07/2026,רמי לוי שיווק השקמה,352.40,352.40,,10/08/2026,מזון
08/07/2026,HOT מובייל,59.90,59.90,,10/08/2026,תקשורת
09/07/2026,רב-קו אונליין,100.00,100.00,,10/08/2026,תחבורה
10/07/2026,שופרסל דיל רמת גן,532.40,532.40,,10/08/2026,מזון
11/07/2026,מקדונלד'ס איילון,107.50,107.50,,10/08/2026,מסעדות
12/07/2026,סופר-פארם קניון איילון,111.60,111.60,,10/08/2026,פארם
13/07/2026,סונול דרך השלום,286.50,286.50,,10/08/2026,דלק
14/07/2026,WOLT,170.00,170.00,,10/08/2026,מסעדות
17/07/2026,שופרסל דיל רמת גן,669.80,669.80,,10/08/2026,מזון
19/07/2026,גולדה גלידה,69.80,69.80,,10/08/2026,מסעדות
20/07/2026,פז יילו גבעתיים,296.20,296.20,,10/08/2026,דלק
20/07/2026,איקאה נתניה,2400.00,400.00,תשלום 1 מתוך 6,10/08/2026,ריהוט
21/07/2026,רמי לוי שיווק השקמה,458.00,458.00,,10/08/2026,מזון
22/07/2026,פוקס קניון איילון,349.70,349.70,,10/08/2026,אופנה
24/07/2026,שופרסל דיל רמת גן,607.70,607.70,,10/08/2026,מזון
26/07/2026,ג'פניקה,223.00,223.00,,10/08/2026,מסעדות
15/05/2026,KSP מחשבים,3588.00,299.00,תשלום 4 מתוך 12,10/09/2026,מחשבים
20/07/2026,איקאה נתניה,2400.00,400.00,תשלום 2 מתוך 6,10/09/2026,ריהוט
01/08/2026,מכבי שירותי בריאות,186.40,186.40,,10/09/2026,רפואה
02/08/2026,הולמס פלייס רמת גן,289.00,289.00,,10/09/2026,פנאי וספורט
03/08/2026,NETFLIX.COM,54.90,54.90,,10/09/2026,פנאי ובילוי
03/08/2026,שופרסל דיל רמת גן,664.70,664.70,,10/09/2026,מזון
04/08/2026,פרטנר תקשורת,119.90,119.90,,10/09/2026,תקשורת
05/08/2026,SPOTIFY,23.90,23.90,,10/09/2026,פנאי ובילוי
05/08/2026,ארומה ישראל,39.00,39.00,,10/09/2026,מסעדות
06/08/2026,בזק החברה הישראלית לתקשורת,99.00,99.00,,10/09/2026,תקשורת
06/08/2026,פז יילו גבעתיים,256.70,256.70,,10/09/2026,דלק
07/08/2026,רמי לוי שיווק השקמה,380.10,380.10,,10/09/2026,מזון
08/08/2026,HOT מובייל,59.90,59.90,,10/09/2026,תקשורת
09/08/2026,רב-קו אונליין,100.00,100.00,,10/09/2026,תחבורה
09/08/2026,זארה ישראל,529.00,529.00,,10/09/2026,אופנה
10/08/2026,שופרסל דיל רמת גן,397.40,397.40,,10/09/2026,מזון
11/08/2026,מקדונלד'ס איילון,102.10,102.10,,10/09/2026,מסעדות
12/08/2026,סופר-פארם קניון איילון,131.10,131.10,,10/09/2026,פארם
13/08/2026,סונול דרך השלום,253.00,253.00,,10/09/2026,דלק
14/08/2026,WOLT,166.60,166.60,,10/09/2026,מסעדות
16/08/2026,זארה ישראל,-149.00,-149.00,זיכוי,10/09/2026,אופנה
17/08/2026,שופרסל דיל רמת גן,581.40,581.40,,10/09/2026,מזון
19/08/2026,גולדה גלידה,59.50,59.50,,10/09/2026,מסעדות
20/08/2026,פז יילו גבעתיים,310.50,310.50,,10/09/2026,דלק
21/08/2026,רמי לוי שיווק השקמה,318.50,318.50,,10/09/2026,מזון
24/08/2026,שופרסל דיל רמת גן,390.70,390.70,,10/09/2026,מזון
26/08/2026,ג'פניקה,293.30,293.30,,10/09/2026,מסעדות
15/05/2026,KSP מחשבים,3588.00,299.00,תשלום 5 מתוך 12,10/10/2026,מחשבים
20/07/2026,איקאה נתניה,2400.00,400.00,תשלום 3 מתוך 6,10/10/2026,ריהוט
01/09/2026,מכבי שירותי בריאות,186.40,186.40,,10/10/2026,רפואה
02/09/2026,הולמס פלייס רמת גן,289.00,289.00,,10/10/2026,פנאי וספורט
03/09/2026,NETFLIX.COM,54.90,54.90,,10/10/2026,פנאי ובילוי
03/09/2026,שופרסל דיל רמת גן,463.40,463.40,,10/10/2026,מזון
04/09/2026,פרטנר תקשורת,119.90,119.90,,10/10/2026,תקשורת
05/09/2026,SPOTIFY,23.90,23.90,,10/10/2026,פנאי ובילוי
05/09/2026,ארומה ישראל,48.80,48.80,,10/10/2026,מסעדות
06/09/2026,בזק החברה הישראלית לתקשורת,99.00,99.00,,10/10/2026,תקשורת
06/09/2026,פז יילו גבעתיים,285.70,285.70,,10/10/2026,דלק
07/09/2026,רמי לוי שיווק השקמה,521.60,521.60,,10/10/2026,מזון
08/09/2026,HOT מובייל,59.90,59.90,,10/10/2026,תקשורת
09/09/2026,רב-קו אונליין,100.00,100.00,,10/10/2026,תחבורה
10/09/2026,שופרסל דיל רמת גן,599.50,599.50,,10/10/2026,מזון
11/09/2026,מקדונלד'ס איילון,95.20,95.20,,10/10/2026,מסעדות
12/09/2026,סופר-פארם קניון איילון,228.50,228.50,,10/10/2026,פארם
13/09/2026,סונול דרך השלום,228.40,228.40,,10/10/2026,דלק
14/09/2026,WOLT,151.10,151.10,,10/10/2026,מסעדות
15/09/2026,"מוסך המרכז בע""מ",3850.00,3850.00,,10/10/2026,רכב
17/09/2026,שופרסל דיל רמת גן,451.20,451.20,,10/10/2026,מזון
19/09/2026,גולדה גלידה,67.20,67.20,,10/10/2026,מסעדות
20/09/2026,פז יילו גבעתיים,258.40,258.40,,10/10/2026,דלק
21/09/2026,רמי לוי שיווק השקמה,557.60,557.60,,10/10/2026,מזון
24/09/2026,שופרסל דיל רמת גן,483.20,483.20,,10/10/2026,מזון
26/09/2026,ג'פניקה,277.00,277.00,,10/10/2026,מסעדות
01/10/2026,מכבי שירותי בריאות,186.40,186.40,,10/11/2026,רפואה
02/10/2026,הולמס פלייס רמת גן,289.00,289.00,,10/11/2026,פנאי וספורט
03/10/2026,NETFLIX.COM,54.90,54.90,,10/11/2026,פנאי ובילוי
03/10/2026,שופרסל דיל רמת גן,417.70,417.70,,10/11/2026,מזון
04/10/2026,פרטנר תקשורת,119.90,119.90,,10/11/2026,תקשורת
04/10/2026,שופרסל דיל רמת גן,1480.30,1480.30,,10/11/2026,מזון
05/10/2026,SPOTIFY,23.90,23.90,,10/11/2026,פנאי ובילוי
05/10/2026,ארומה ישראל,48.30,48.30,,10/11/2026,מסעדות
